ID;Empty Spaces;Negative Space;Interesting Elements;Significant Jumps;Linearity;Leniency;Avg Enemy Comp;Enemy Count;Density
0;0,7300081;0,07086995;0,1679631;0,375;0,6376016;0,5026738;0,45847175;0,44444445;0,59016395
1;0,75528705;0,07171868;0,17058752;0,375;0,75016475;0,5721925;0,47751936;0,47619048;0,4262295
2;0,8096366;0,030979076;0,14827992;0,3409091;0,428948;0,53475934;0,38054967;0,34920636;0,41530055
3;0,7413836;0,055168215;0,16140205;0,38636363;0,57720184;0,48128343;0,5016611;0,44444445;0,59016395
4;0,778038;0,030979076;0,14959215;0,3068182;0,522293;0,5721925;0,4;0,31746033;0,5464481
5;0,78182983;0,055168215;0,15877762;0,32954547;0,640347;0,54545456;0,4224806;0,3809524;0,4262295
6;0,77424616;0,049651403;0,17452416;0,36363637;0,6376016;0,53475934;0,5340224;0,42857143;0,41530055
7;0,7868857;0,050924513;0,16402647;0,3068182;0,57445645;0,6096257;0,43410853;0,33333334;0,4043716
8;0,7502312;0,042012725;0,16008984;0,36363637;0,6513288;0,54545456;0,5099053;0,42857143;0,57923496
9;0,7755102;0,039042126;0,16533868;0,35227272;0,5799473;0,51336896;0,50604653;0,3968254;0,46994534
10;0,8184841;0,030130338;0,16533868;0,3409091;0,522293;0,486631;0,5338726;0,36507937;0,34972677
11;0,7236884;0,061958153;0,1771486;0,38636363;0,7282012;0,5187166;0,52093023;0,47619048;0,57923496
12;0,8210121;0,028432852;0,15221655;0,32954547;0,51680213;0,5775401;0,3678647;0,34920636;0,34972677
13;0,7679264;0,054743852;0,17321196;0,36363637;0,6513288;0,5240642;0,5374677;0,42857143;0,44808742
14;0,8172203;0,021642914;0,16665089;0,2840909;0,73094666;0,5882353;0,4429679;0,33333334;0,32786885
15;0,8235399;0,024189139;0,14434329;0,3068182;0,45640242;0,53475934;0,36230108;0,3015873;0,39344263
16;0,7540231;0,059411928;0,16665089;0,375;0,7227103;0,59358287;0,52927023;0,46031746;0,4918033
17;0,7641345;0,04540769;0,17189974;0,3409091;0,6458379;0,5080214;0,47255814;0,3968254;0,4918033
18;0,7932053;0,036071528;0,15484099;0,3068182;0,57720184;0,54545456;0,5669989;0,33333334;0,45901638
19;0,78562164;0,030979076;0,15746541;0,32954547;0,6376016;0,54545456;0,50775194;0,3809524;0,48087433
20;0,77424616;0,05050014;0,16665089;0,32954547;0,5909291;0,5561497;0,5055612;0,36507937;0,46994534
21;0,7641345;0,059411928;0,16402647;0,36363637;0,65407425;0,5989305;0,44788978;0,42857143;0,45901638
22;0,74011976;0,04328584;0,16533868;0,3409091;0,5085658;0,59358287;0,36804855;0,36507937;0,6010929
23;0,76666254;0,06323127;0,16927533;0,375;0,7062377;0,5561497;0,53568566;0,46031746;0,4262295
24;0,8311236;0,01909669;0,15484099;0,3068182;0,57445645;0,61497325;0,39424142;0,33333334;0,3169399
25;0,7944693;0,053895105;0,17189974;0,36363637;0,62936527;0,5561497;0,5030146;0,42857143;0,3169399
26;0,75149524;0,04837829;0,16665089;0,3409091;0,571711;0,56149733;0,53875965;0,3809524;0,5464481
27;0,7894135;0,03437405;0,16402647;0,32954547;0,44542062;0,4973262;0,49169433;0,33333334;0,45901638
28;0,7881495;0,038617752;0,16008984;0,3181818;0,51680213;0,5026738;0,42967886;0,33333334;0,45901638
29;0,8311236;0,039042126;0,15221655;0,32954547;0,47836596;0,5508021;0,410148;0,34920636;0,284153
30;0,7363279;0,056865703;0,15877762;0,375;0,6458379;0,5561497;0,5016611;0,44444445;0,6010929
31;0,77045435;0,034798414;0,16271426;0,375;0,5991654;0,49197862;0,6477175;0,42857143;0,52459013
32;0,76287067;0,055168215;0,15484099;0,32954547;0,6321107;0,5294118;0,4224806;0,3809524;0,52459013
33;0,7540231;0,059411928;0,16927533;0,375;0,70898306;0,5775401;0,6126704;0,46031746;0,48087433
34;0,778038;0,050075766;0,15746541;0,36363637;0,6568197;0,5775401;0,44099915;0,42857143;0,44808742
35;0,82859576;0,009336162;0,16008984;0,3068182;0,51680213;0,5187166;0,66976744;0,31746033;0,34972677
36;0,7717182;0,05431948;0,15615319;0,38636363;0,6321107;0,54545456;0,51323175;0,46031746;0,45901638
37;0,7679264;0,05262199;0,15746541;0,35227272;0,7117286;0,51336896;0,45822564;0,42857143;0,4918033
38;0,78056586;0,026735365;0,15746541;0,3409091;0,45091152;0,5508021;0,36363637;0,34920636;0,52459013
39;0,8260678;0,03734464;0,1679631;0,3181818;0,571711;0,54010695;0,65961945;0,34920636;0,26229507
40;0,78435767;0,030554703;0,15877762;0,2840909;0,5991654;0,5721925;0,36230108;0,3015873;0,5027322
41;0,79573315;0,060685042;0,1679631;0,3409091;0,6376016;0,6096257;0,47627905;0,3968254;0,30601093
42;0,76539856;0,053895105;0,1679631;0,3409091;0,7419284;0,53475934;0,58318424;0,41269842;0,45901638
43;0,7906775;0,02715974;0,14696772;0,3181818;0,59367454;0,56149733;0,6553911;0,34920636;0,5027322
44;0,8096366;0,03225219;0,16140205;0,3409091;0,5085658;0,54545456;0,47724977;0,36507937;0,36065573
45;0,7906775;0,024189139;0,15221655;0,29545453;0,64858335;0,56149733;0,48283502;0,33333334;0,5027322
46;0,8210121;0,031827815;0,14696772;0,3068182;0,522293;0,5294118;0,39069766;0,31746033;0,39344263
47;0,7830938;0,050075766;0,15746541;0,36363637;0,640347;0,5561497;0,45822564;0,42857143;0,4262295
48;0,7236884;0,07171868;0,16927533;0,375;0,77487373;0,6096257;0,4744186;0,47619048;0,568306
49;0,76539856;0,050075766;0,17058752;0,3409091;0,63485616;0,62566847;0,48;0,3968254;0,44808742
50;0,80331683;0,039042126;0,15746541;0,32954547;0,56896555;0,5721925;0,55409503;0,36507937;0,38251367
51;0,82859576;0,038617752;0,15484099;0,3181818;0,5113113;0,5294118;0,46068662;0,33333334;0,30601093
52;0,74011976;0,058987554;0,16271426;0,35227272;0,58269274;0,56684494;0,52465117;0,3968254;0,59016395
53;0,8627222;0,00806305;0,14040665;0,3181818;0,58269274;0,4331551;0,65961945;0,34920636;0,284153
54;0,7755102;0,052197628;0,17846079;0,375;0,56622005;0,54010695;0,5340224;0,42857143;0,39344263
55;0,79573315;0,039042126;0,16008984;0,32954547;0,57445645;0,5508021;0,44893834;0,36507937;0,4043716
56;0,7502312;0,072567426;0,17846079;0,39772728;0,6870196;0,48128343;0,61215305;0,4920635;0,43715847
57;0,77424616;0,059411928;0,16402647;0,35227272;0,70349216;0,6096257;0,5374677;0,42857143;0,41530055
58;0,78562164;0,03734464;0,15484099;0,32954547;0,58543813;0,47058824;0,40444893;0,36507937;0,4918033
59;0,80710864;0,032676563;0,14565551;0,3409091;0,5003295;0,5080214;0,380182;0,36507937;0,41530055
60;0,75907886;0,050924513;0,15877762;0,35227272;0,5113113;0,54010695;0,5232558;0,3809524;0,5464481
61;0,7679264;0,049651403;0,16008984;0,3068182;0,70898306;0,56149733;0,47724977;0,36507937;0,5027322
62;0,7691904;0,061958153;0,16927533;0,38636363;0,6376016;0,5721925;0,6158781;0,46031746;0,41530055
63;0,8639861;0,014428613;0,15221655;0,29545453;0,5085658;0,5080214;0,499388;0,3015873;0,22950819
64;0,7565509;0,044558953;0,16140205;0,375;0,5277839;0,5508021;0,490161;0,41269842;0,5464481
65;0,7274803;0,052197628;0,17321196;0,35227272;0,6623106;0,5561497;0,6368515;0,41269842;0,6229508
66;0,7565509;0,07044557;0,15877762;0,38636363;0,7611465;0,56149733;0,63615906;0,4920635;0,46994534
67;0,78182983;0,053895105;0,16402647;0,36363637;0,63485616;0,5294118;0,5374677;0,42857143;0,4043716
68;0,74896723;0,05644133;0,17452416;0,36363637;0,6376016;0,5294118;0,59603786;0,42857143;0,5027322
69;0,8045808;0,04031524;0,16402647;0,3409091;0,6376016;0,5508021;0,64;0,3968254;0,34972677
70;0,7679264;0,05644133;0,15484099;0,3068182;0,6321107;0,5882353;0,45665962;0,34920636;0,5027322
71;0,79699713;0,044134576;0,16665089;0,3181818;0,6266198;0,54010695;0,5338726;0,36507937;0,3715847
72;0,75907886;0,066201866;0,16927533;0,35227272;0,71447396;0,631016;0,4892334;0,42857143;0,43715847
73;0,7274803;0,05559259;0,1679631;0,35227272;0,7776191;0,5828877;0,66445184;0,44444445;0,6010929
74;0,8146923;0,018672325;0,14827992;0,29545453;0,58818364;0,5294118;0,35813951;0,31746033;0,43715847
75;0,7464394;0,068748094;0,179773;0,3409091;0,85449153;0,6042781;0,4784053;0,44444445;0,44808742
76;0,7540231;0,035222787;0,15352878;0,32954547;0,6595651;0,56149733;0,46124032;0,3809524;0,61202186
77;0,7830938;0,04158835;0,16533868;0,3409091;0,50582033;0,5828877;0,38827097;0,36507937;0,43715847
78;0,7691904;0,055168215;0,16140205;0,38636363;0,5799473;0,54545456;0,46179402;0,44444445;0,46994534
79;0,73379993;0,05262199;0,15352878;0,35227272;0,64858335;0,5775401;0,490161;0,41269842;0,6557377
80;0,78562164;0,037769016;0,16271426;0,32954547;0,6430925;0,5721925;0,4224806;0,3809524;0,43715847
81;0,8083726;0,037769016;0,14959215;0,3181818;0,65407425;0,5721925;0,43680483;0,36507937;0,39344263
82;0,800789;0,0364959;0,1679631;0,3181818;0,6321107;0,59358287;0,4448938;0,36507937;0,34972677
83;0,779302;0,042861465;0,16927533;0,3181818;0,665056;0,54010695;0,546006;0,36507937;0,43715847
84;0,82227594;0,033525303;0,15090436;0,29545453;0,80232817;0,5240642;0,4448938;0,36507937;0,34972677
85;0,800789;0,06450438;0,16533868;0,36363637;0,640347;0,5989305;0,5167959;0,42857143;0,29508197
86;0,7350639;0,05771444;0,17583637;0,36363637;0,6513288;0,5561497;0,5340224;0,42857143;0,55737704
87;0,72874427;0,08232797;0,16665089;0,375;0,8435098;0,5989305;0,54613656;0,4920635;0,5355191
88;0,8210121;0,028008478;0,15484099;0,2840909;0,58543813;0,5828877;0,3867809;0,3015873;0,36065573
89;0,79194134;0,055168215;0,15352878;0,36363637;0,6458379;0,47593582;0,5340224;0,42857143;0,4043716
90;0,7135769;0,072991796;0,16665089;0,39772728;0,832528;0,5187166;0,6314306;0,52380955;0,6229508
91;0,8096366;0,034798414;0,15352878;0,35227272;0,45640242;0,486631;0,3842265;0,36507937;0,39344263
92;0,7679264;0,055168215;0,16271426;0,35227272;0,6458379;0,5561497;0,52593917;0,41269842;0,46994534
93;0,7717182;0,042861465;0,15352878;0,36363637;0,44816607;0,49197862;0,6395349;0,3809524;0,5355191
94;0,7578149;0,053895105;0,15484099;0,32954547;0,64858335;0,5882353;0,46124032;0,3809524;0,5464481
95;0,7932053;0,045832064;0,15221655;0,32954547;0,56347466;0,5828877;0,39635995;0,36507937;0,4262295
96;0,7641345;0,055168215;0,16665089;0,35227272;0,640347;0,5294118;0,5474061;0,41269842;0,46994534
97;0,7464394;0,06323127;0,17189974;0,375;0,70898306;0,5561497;0,54530877;0,46031746;0,5027322
98;0,7540231;0,067474976;0,16140205;0,38636363;0,7776191;0,5026738;0,63615906;0,4920635;0,4918033
99;0,778038;0,03225219;0,15484099;0,3181818;0,522293;0,5561497;0,48283502;0,33333334;0,52459013
100;0,7982611;0,04031524;0,16533868;0,3409091;0,58269274;0,54545456;0,45736432;0,3809524;0,3715847
101;0,779302;0,02715974;0,16402647;0,35227272;0,58818364;0,5080214;0,49860466;0,3968254;0,48087433
102;0,8197481;0,05134888;0,15615319;0,36363637;0,7007468;0,4973262;0,5016611;0,44444445;0,27322406
103;0,77677405;0,03225219;0,16140205;0,3409091;0,59367454;0,46524063;0,45736432;0,3809524;0,5027322
104;0,8184841;0,03734464;0,16008984;0,29545453;0,57720184;0,5721925;0,42325583;0,31746033;0,32786885
105;0,76666254;0,03225219;0,16927533;0,32954547;0,58543813;0,6096257;0,43680483;0,36507937;0,5136612
106;0,82480395;0,04922703;0,16402647;0,3181818;0,571711;0,54545456;0,4651163;0,34920636;0,26229507
107;0,78056586;0,0364959;0,16271426;0,3409091;0,4948386;0,5828877;0,40444893;0,36507937;0,45901638
108;0,8197481;0,0364959;0,16140205;0,32954547;0,5030749;0,6096257;0,40591967;0,34920636;0,29508197
109;0,7097851;0,068748094;0,17058752;0,35227272;0,78311;0,5989305;0,5813953;0,44444445;0,64480877
110;0,73379993;0,06450438;0,16927533;0,36363637;0,70898306;0,5508021;0,5448505;0,44444445;0,568306
111;0,79194134;0,04837829;0,16140205;0,3409091;0,571711;0,5080214;0,53875965;0,3809524;0,39344263
112;0,78182983;0,052197628;0,16665089;0,3181818;0,54974747;0,54010695;0,41860464;0,34920636;0,41530055
113;0,7578149;0,07171868;0,1679631;0,38636363;0,7666374;0,5775401;0,55513877;0,4920635;0,4262295
114;0,7502312;0,05644133;0,1679631;0,375;0,6430925;0,54010695;0,52491695;0,44444445;0,52459013
115;0,7616067;0,056865703;0,15615319;0,32954547;0,71447396;0,64171124;0,42418605;0,3968254;0,5027322
116;0,73759174;0,058987554;0,18108523;0,3409091;0,56622005;0,6096257;0,48449615;0,3809524;0,52459013
117;0,75528705;0,035222787;0,17846079;0,35227272;0,6376016;0,5775401;0,490161;0,41269842;0,5027322
118;0,7350639;0,08911789;0,1679631;0,36363637;0,90116405;0,5828877;0,4951238;0,4920635;0,48087433
119;0,7830938;0,042012725;0,16271426;0,36363637;0,59641993;0,5508021;0,47584972;0,41269842;0,4262295
120;0,7932053;0,029705964;0,15484099;0,35227272;0,51680213;0,53475934;0,4496124;0,3809524;0,45901638
121;0,8121645;0,046680804;0,15090436;0,3181818;0,6595651;0,5294118;0,40444893;0,36507937;0,3715847
122;0,8045808;0,030979076;0,16140205;0,35227272;0,58543813;0,5508021;0,44279072;0,3968254;0,38251367
123;0,77677405;0,044558953;0,15615319;0,3409091;0,665056;0,54010695;0,6251163;0,3968254;0,48087433
124;0,76539856;0,058987554;0,17321196;0,35227272;0,58269274;0,56149733;0,4539535;0,3968254;0,43715847
125;0,83617944;0,019945439;0,15221655;0,27272728;0,58818364;0,5882353;0,4031008;0,2857143;0,32786885
126;0,7641345;0,058987554;0,16402647;0,3409091;0,70349216;0,54010695;0,4651163;0,41269842;0,48087433
127;0,77045435;0,030979076;0,15221655;0,32954547;0,6705469;0,5508021;0,4883721;0,3809524;0,568306
128;0,7502312;0,066201866;0,16271426;0,38636363;0,70349216;0,5026738;0,62635654;0,47619048;0,5027322
129;0,8121645;0,026735365;0,16140205;0,35227272;0,58818364;0,45989305;0,50604653;0,3968254;0,3715847
130;0,8058448;0,033525303;0,16008984;0,32954547;0,5085658;0,5508021;0,410148;0,34920636;0,38251367
131;0,8197481;0,025886627;0,15352878;0,36363637;0,44542062;0,5294118;0,49612406;0,3809524;0,34972677
132;0,7932053;0,044558953;0,15484099;0,3409091;0,57720184;0,5721925;0,43410853;0,3809524;0,41530055
133;0,73759174;0,068748094;0,1679631;0,38636363;0,7062377;0,5508021;0,5271318;0,47619048;0,5355191
134;0,82227594;0,035222787;0,15352878;0,3181818;0,6458379;0,5508021;0,43680483;0,36507937;0,3169399
135;0,8146923;0,029705964;0,15352878;0,3181818;0,58269274;0,56149733;0,54968286;0,34920636;0,3715847
136;0,76287067;0,05644133;0,16008984;0,36363637;0,71447396;0,51336896;0,49501663;0,44444445;0,5027322
137;0,80710864;0,034798414;0,14827992;0,32954547;0,44816607;0,51336896;0,36766335;0,33333334;0,4262295
138;0,8627222;0,0161261;0,14565551;0,2840909;0,50582033;0,5775401;0,34108528;0,2857143;0,24043716
139;0,7932053;0,053895105;0,16533868;0,35227272;0,57720184;0,5721925;0,532093;0,3968254;0,34972677
140;0,78056586;0,045832064;0,15484099;0,3409091;0,56896555;0,5561497;0,37596896;0,3809524;0,46994534
141;0,8184841;0,049651403;0,16008984;0,35227272;0,59367454;0,5026738;0,44651166;0,3968254;0,284153
142;0,85387456;0;0,15484099;0,2840909;0,53327477;0,5294118;0,33591732;0,2857143;0,284153
143;0,7363279;0,044558953;0,16665089;0,35227272;0,72545576;0,5187166;0,5512489;0,42857143;0,61202186
144;0,79952496;0,04710518;0,16402647;0,375;0,58269274;0,5187166;0,6167097;0,42857143;0,34972677
145;0,7363279;0,061958153;0,16140205;0,3409091;0,71996486;0,54545456;0,5044723;0,41269842;0,59016395
146;0,8083726;0,042012725;0,16271426;0,375;0,49209315;0,54010695;0,46869412;0,41269842;0,3169399
147;0,79699713;0,022491664;0,16140205;0,35227272;0,44542062;0,47593582;0,48938322;0,36507937;0,45901638
148;0,78435767;0,03734464;0,16402647;0,35227272;0,58269274;0,486631;0,5395349;0,3968254;0,45901638
149;0,8096366;0,046680804;0,15877762;0,32954547;0,571711;0,54010695;0,4165824;0,36507937;0,34972677
150;0,8298596;0,024189139;0,15352878;0,3181818;0,58269274;0,5080214;0,410148;0,34920636;0,32786885
151;0,79194134;0,04752954;0,16402647;0,35227272;0,7117286;0,5828877;0,46856156;0,42857143;0,36065573
152;0,8146923;0,030554703;0,15615319;0,32954547;0,5140567;0,47058824;0,5158562;0,34920636;0,38251367
153;0,7641345;0,060685042;0,16402647;0,36363637;0,6376016;0,5508021;0,44788978;0,42857143;0,45901638
154;0,8045808;0,04710518;0,15877762;0,36363637;0,57720184;0,53475934;0,51520574;0,41269842;0,34972677
155;0,7300081;0,07171868;0,16271426;0,375;0,76938283;0,5721925;0,65426356;0,47619048;0,568306
156;0,8235399;0,026735365;0,14959215;0,32954547;0,43992972;0,5240642;0,4562569;0,33333334;0,3715847
157;0,7363279;0,05771444;0,16665089;0,3409091;0,71996486;0,5294118;0,5080501;0,41269842;0,59016395
158;0,7944693;0,037769016;0,15352878;0,3409091;0,43443882;0,5508021;0,47780126;0,34920636;0,43715847
159;0,68577015;0,05856319;0,16140205;0,35227272;0,71996486;0,6631016;0,461671;0,42857143;0,78688526
160;0,7717182;0,050924513;0,16402647;0,3409091;0,7227103;0,5294118;0,6332737;0,41269842;0,46994534
161;0,7540231;0,03734464;0,16927533;0,3068182;0,6595651;0,5187166;0,4862579;0,34920636;0,568306
162;0,7527591;0,061109416;0,16533868;0,375;0,75840104;0,59358287;0,55813956;0,47619048;0,48087433
163;0,800789;0,0161261;0,16008984;0,29545453;0,5909291;0,5561497;0,4651163;0,31746033;0,44808742
164;0,85134673;0,023764776;0,14696772;0,27272728;0,6430925;0,47058824;0,37698898;0,3015873;0,284153
165;0,8083726;0,02928159;0,16533868;0,3409091;0,50582033;0,47593582;0,5419616;0,36507937;0,3715847
166;0,81342846;0,030554703;0,16271426;0,32954547;0,5140567;0,56149733;0,5158562;0,34920636;0,36065573
167;0,76666254;0,04710518;0,16140205;0,3409091;0,6595651;0,54545456;0,5432558;0,3968254;0,5027322
168;0,79699713;0,055168215;0,16665089;0,3409091;0,6980013;0,5294118;0,4651163;0,41269842;0,32786885
169;0,7477034;0,042012725;0,17058752;0,35227272;0,6430925;0,5721925;0,490161;0,41269842;0,5464481
170;0,78562164;0,042861465;0,16271426;0,36363637;0,50582033;0,5294118;0,5916279;0,3968254;0,43715847
171;0,7944693;0,042012725;0,15877762;0,35227272;0,57720184;0,5882353;0,4353488;0,3968254;0,39344263
172;0,7274803;0,067474976;0,17846079;0,375;0,78311;0,54545456;0,63255817;0,47619048;0,5355191
173;0,7616067;0,03734464;0,1771486;0,35227272;0,58269274;0,49197862;0,4688372;0,3968254;0,5027322
174;0,77045435;0,04328584;0,16271426;0,3409091;0,71996486;0,5508021;0,6404293;0,41269842;0,48087433
175;0,82859576;0,003819338;0,14959215;0,2840909;0,39051175;0,54545456;0,35465115;0,25396827;0,41530055
176;0,8159563;0,029705964;0,15746541;0,3181818;0,5003295;0,56684494;0,38538206;0,33333334;0,34972677
177;0,7691904;0,056016967;0,16927533;0,3181818;0,6321107;0,5561497;0,4448938;0,36507937;0,45901638
178;0,78435767;0,03225219;0,16402647;0,3181818;0,6595651;0,54010695;0,6754297;0,36507937;0,45901638
179;0,8159563;0,020369802;0,14959215;0,3181818;0,5250385;0,5561497;0,40753046;0,33333334;0,4043716
180;0,7830938;0,068748094;0,15746541;0,3409091;0,6952559;0,5828877;0,5187835;0,41269842;0,38251367
181;0,75907886;0,033525303;0,15877762;0,3068182;0,6101472;0,5775401;0,39424142;0,33333334;0,59016395
182;0,8159563;0,022916026;0,15221655;0,29545453;0,51680213;0,5508021;0,38188496;0,3015873;0,39344263
183;0,7717182;0,04710518;0,16927533;0,375;0,6568197;0,5294118;0,5116279;0,44444445;0,44808742
184;0,75528705;0,06280689;0,16533868;0,32954547;0,6952559;0,5828877;0,48;0,3968254;0,5136612
185;0,7325361;0,044558953;0,16533868;0,38636363;0,51680213;0,5508021;0,44099915;0,42857143;0,6338798
186;0,82859576;0,0364959;0,15484099;0,36363637;0,4893477;0,53475934;0,46139535;0,3968254;0,284153
187;0,778038;0,06323127;0,17058752;0,35227272;0,6321107;0,6363636;0,46153843;0,41269842;0,3715847
188;0,8083726;0,033525303;0,15484099;0,3181818;0,71996486;0,5026738;0,6550388;0,3809524;0,39344263
189;0,76539856;0,053046364;0,16008984;0,375;0,640347;0,5775401;0,47508305;0,44444445;0,46994534
190;0,802053;0,04540769;0,17189974;0,32954547;0,56622005;0,5721925;0,43680483;0,36507937;0,32786885
191;0,7350639;0,07553802;0,15746541;0,38636363;0,75840104;0,53475934;0,5431358;0,4920635;0,568306
192;0,7881495;0,044134576;0,16533868;0,3409091;0,56622005;0,4973262;0,4108527;0,3809524;0,41530055
193;0,7982611;0,05644133;0,14959215;0,35227272;0,6430925;0,53475934;0,43291593;0,41269842;0,39344263
194;0,76666254;0,053895105;0,16665089;0,38636363;0,5607292;0,53475934;0,6345515;0,44444445;0,45901638
195;0,82480395;0,035222787;0,15090436;0,3181818;0,63485616;0,56684494;0,55409503;0,36507937;0,3169399
196;0,7868857;0,055168215;0,15352878;0,35227272;0,6238744;0,5187166;0,45796067;0,41269842;0,4262295
197;0,7729822;0,044558953;0,14959215;0,3409091;0,57720184;0,56149733;0,45736432;0,3809524;0,52459013
198;0,75907886;0,06323127;0,17189974;0,38636363;0,6458379;0,54545456;0,48115477;0,46031746;0,44808742
199;0,81342846;0,039042126;0,16008984;0,3181818;0,6595651;0,5561497;0,44084933;0,36507937;0,32786885
200;0,9051715;0,11828393;0,08794788;0,1590909;0,5764331;0,79679143;0,49612406;0,14285715;0,07103825
201;0,91301525;0,07245998;0,030944625;0,11363637;0,41401273;0,8449198;0;0,06349207;0,2021858
202;0,9051715;0,11986408;0,070032574;0,1590909;0,522293;0,85561496;0,45478037;0,14285715;0,07650273
203;0,9098778;0,11828393;0,06840391;0,14772727;0,59872615;0,8449198;0;0,12698413;0,06557377
204;0,68397707;0,24574828;0,21172638;0,20454545;0,49681526;0,8128342;0,358804;0,22222222;0,32240438
205;0,92242783;0,07456683;0,034201954;0,11363637;0,6656051;0,8342246;0,13289037;0,11111111;0,114754096
206;0,83771497;0,109856546;0,06188925;0,2159091;0,3694268;0,80213904;0,093023255;0,1904762;0,3114754
207;0,89262146;0,08404764;0,045602605;0,18181819;0,5254777;0,8128342;0,31627908;0,15873016;0,18579236
208;0,7843774;0,12355106;0,060260586;0,125;0,6942675;0,8716577;0,111627914;0,15873016;0,45355192
209;0,7655523;0,17622228;0,13680781;0,2159091;0,6433121;0,77005345;0,4837209;0,23809524;0,32786885
210;0,89732766;0,11407024;0,08631922;0,19318181;0,34394908;0,8235294;0,5395349;0,15873016;0
211;0;1;1;0,2159091;0,88535035;0,7914438;0,50645995;0,2857143;0,08743169
212;0,8941902;0,12039079;0,070032574;0,13636364;0,54777074;0,88235295;0,13289037;0,11111111;0,08196721
213;0,9177215;0,07456683;0,06188925;0,22727273;0,3821656;0,80213904;0,65891474;0,1904762;0,021857923
214;0,91929024;0,09510861;0,042345274;0,13636364;0,7197453;0,85561496;0,26873386;0,14285715;0,06010929
215;0,8455588;0,13619214;0,09771987;0,125;0,6815287;0,8716577;0,27906978;0,12698413;0,19125684
216;0,45180136;0,5296461;0,50162864;0,13636364;0,6560509;0,93048126;0,25581396;0,12698413;0,18579236
217;0,90674025;0,08984148;0,055374596;0,20454545;0,56687903;0,7647059;0,37209302;0,20634921;0,1420765
218;0,8157524;0,0866812;0,03908795;0,19318181;0,40764332;0,7914438;0,24031007;0,1904762;0,45355192
219;0,86909014;0,11933737;0,0504886;0,11363637;0,7802548;0,87700534;0,124031015;0,14285715;0,21857923
220;0,83144;0,18464966;0,13192183;0,13636364;0,6178344;0,88235295;0,627907;0,12698413;0,12021858
221;0,8612464;0,07562026;0,048859935;0,2159091;0,36624205;0,7860963;0,25581396;0,1904762;0,20765027
222;0,8894839;0,09458188;0,05863192;0,1590909;0,60509557;0,85026735;0,16537468;0,14285715;0,15300547
223;0,89732766;0,0819408;0,05374593;0,20454545;0,28025478;0,82887703;0,31007752;0,14285715;0,14754099
224;0,82516503;0,11459695;0,047231272;0,13636364;0,70382166;0,85561496;0,20295984;0,17460318;0,38797814
225;0,24158822;0,7724604;0,7442997;0,20454545;0,83439493;0,8128342;0,6395349;0,25396827;0,09289618
226;0,8612464;0,12618461;0,0732899;0,13636364;0,5;0,8449198;0,37209302;0,12698413;0,2021858
227;0,7451585;0,097742155;0,047231272;0,11363637;0,49681526;0,87700534;0,06644519;0,11111111;0,57377046
228;0,90830904;0,0645593;0,034201954;0,17045455;0,45859873;0,77005345;0,15116279;0,12698413;0,22950819
229;0,6227956;0,28841192;0,28175896;0,23863636;0,6019108;0,7647059;0,41586867;0,26984128;0,29508197
230;0,8941902;0,08036065;0,057003256;0,1590909;0,48407644;0,7914438;0,1627907;0,12698413;0,23497267
231;0,8879152;0,1082764;0,057003256;0,18181819;0,5859873;0,80748665;0,52093023;0,15873016;0,19672132
232;0,88007134;0,10248258;0,037459284;0,11363637;0,6082803;0,8663102;0,1744186;0,12698413;0,21311475
233;0,9161527;0,10195587;0,037459284;0,125;0,5;0,87700534;0;0,0952381;0,12021858
234;0,9036028;0,07614696;0,03583062;0,19318181;0,77070063;0,77540106;0,47131783;0,23809524;0,15846995
235;0,5788705;0,32054138;0,33713356;0,17045455;0,7452229;0,7914438;0,66445184;0,22222222;0,22950819
236;0,7498647;0,19676405;0,14983714;0,13636364;0,7547771;0,8716577;0,30697674;0,15873016;0,3169399
237;0,90046513;0,09142163;0,048859935;0,18181819;0,700637;0,78074867;0,5796064;0,20634921;0,1693989
238;0,69338965;0,28367153;0,25895765;0,18181819;0,47770703;0,8449198;0,20295984;0,17460318;0,21311475
239;0,9428215;0,060345598;0,04397394;0,10227273;0,46815288;0,8663102;0,74418604;0,04761905;0
240;0,66515195;0,2515421;0,247557;0,18181819;0,72292995;0,80213904;0,6726297;0,20634921;0,33333334
241;0,8785026;0,10142914;0,05863192;0,2159091;0,5063695;0,7860963;0,4722719;0,20634921;0,1693989
242;0,95223415;0,07035314;0,04071661;0,2159091;0,4394905;0,7486631;0,22832981;0,17460318;0,07650273
243;0,78751487;0,14145927;0,09609121;0,1590909;0,4936306;0,8181818;0,22739018;0,14285715;0,41530055
244;0,87379634;0,1161771;0,06677524;0,1590909;0,72929937;0,80748665;0,17758985;0,17460318;0,2021858
245;0,7247647;0,18833663;0,14820848;0,1590909;0,4745223;0,8181818;0,14470285;0,14285715;0,45901638
246;0,58985186;0,31316742;0,28990227;0,17045455;0,7547771;0,80748665;0,49833888;0,22222222;0,40983605
247;0,31218213;0,63709533;0,62703586;0,17045455;0,62420386;0,8235294;0,5116279;0,1904762;0,29508197
248;0,8847777;0,093528464;0,027687298;0,125;0,6656051;0,8663102;0,1627907;0,12698413;0,26229507
249;0,8785026;0,093528464;0,0504886;0,1590909;0,5573249;0,8235294;0,21705426;0,14285715;0,22404371
250;0,8110462;0,08562779;0,030944625;0,17045455;0,5573249;0,8235294;0,37984496;0,1904762;0,49726775
251;0,7514335;0,11038326;0,06188925;0,17045455;0,67834395;0,79679143;0,37924865;0,20634921;0,61748636
252;0,8816402;0,10090243;0,07166124;0,19318181;0,47133762;0,7593583;0,23255815;0,1904762;0,13114753
253;0,6259331;0,3521441;0,3403909;0,2159091;0,53503186;0,8235294;0,2990033;0,22222222;0,13114753
254;0,6416207;0,2436414;0,23778503;0,13636364;0,83439493;0,85026735;0,4651163;0,17460318;0,3989071
255;0,9443904;0,06087232;0,024429968;0,17045455;0,3057325;0,82887703;0,018604651;0,07936508;0,07650273
256;0,690252;0,2778777;0,2296417;0,22727273;0,45222932;0,77540106;0,52093023;0,23809524;0,26775956
257;0,9271341;0,09563532;0,024429968;0,06818182;0,6082803;0,93048126;0;0,015873017;0,15300547
258;0,61024565;0,3352893;0,3159609;0,20454545;0,5254777;0,8128342;0,25760287;0,20634921;0,23497267
259;0,8549713;0,10300928;0,047231272;0,11363637;0,54777074;0,88235295;0,31007752;0,0952381;0,3114754
260;0,7984962;0,20571816;0,16123778;0,19318181;0,5;0,80213904;0,42283297;0,17460318;0,16393442
261;0,6729958;0,10722298;0,060260586;0,13636364;0,47770703;0,8181818;0,27906978;0,12698413;0,91803277
262;0,9036028;0,10511612;0,045602605;0,14772727;0,72292995;0,82887703;0,21987315;0,17460318;0,06010929
263;0,8063399;0,11512365;0,06840391;0,125;0,6433121;0,85561496;0,15946844;0,11111111;0,43715847
264;0,8455588;0,09036819;0,048859935;0,20454545;0,5063695;0,8128342;0,19320215;0,20634921;0,27868852
265;0,86909014;0,08562779;0,037459284;0,1590909;0,50318474;0,8716577;0,18604651;0,12698413;0,20765027
266;0,57102674;0,3832201;0,36482084;0,20454545;0,60509557;0,80213904;0,35968992;0,23809524;0,2513661
267;0,82987124;0,07245998;0,009771988;0,09090909;0,6751592;0,88770056;0;0,06349207;0,5300546
268;0,9051715;0,11723051;0,07654723;0,20454545;0,4936306;0,7914438;0,34108528;0,1904762;0,07103825
269;0,8502651;0,11249011;0,06514658;0,20454545;0,68471336;0,78074867;0,2848837;0,25396827;0,21857923
270;0,68711454;0,29104552;0,27361563;0,17045455;0,7834395;0,8128342;0,47942755;0,20634921;0,13114753
271;0,82516503;0,11933737;0,07980456;0,1590909;0,5828026;0,86096257;0,49048626;0,17460318;0,19672132
272;0,82516503;0,1340853;0,09609121;0,19318181;0,42993635;0,7860963;0,26215646;0,17460318;0,29508197
273;0,81889004;0,10248258;0,04071661;0,17045455;0,5955414;0,8342246;0,36434108;0,1904762;0,3442623
274;0,64475816;0,3015797;0,32247555;0,20454545;0,48407644;0,85026735;0,9767442;0,1904762;0,12568305
275;0,80947745;0,0866812;0,055374596;0,11363637;0,589172;0,86096257;0,2126246;0,11111111;0,34972677
276;0,85654;0,09142163;0,057003256;0,1590909;0,4649682;0,85561496;0,20930232;0,12698413;0,20765027
277;0,8847777;0,105642855;0,045602605;0,20454545;0,6624204;0,7914438;0,47131783;0,23809524;0,19672132
278;0,93654656;0,045070957;0,055374596;0,13636364;0,46178347;0,7486631;0,37209302;0,07936508;0,13114753
279;0,7561398;0,21045853;0,15960912;0,2159091;0,5732484;0,7914438;0,3658915;0,23809524;0,284153
280;0,82673377;0,13935241;0,09120521;0,1590909;0,5700637;0,8128342;0,24806203;0,14285715;0,28961748
281;0,84085256;0,10037572;0,042345274;0,11363637;0,65286624;0,87700534;0,25581396;0,12698413;0,38251367
282;0,74358976;0,24732842;0,23289903;0,23863636;0,70700634;0,77540106;0,6356589;0,2857143;0,07650273
283;0,7498647;0,073513396;0,055374596;0,1590909;0,32165605;0,8342246;0,10852713;0,0952381;0,6557377
284;0,8549713;0,10248258;0,06514658;0,13636364;0,6560509;0,80748665;0,062015507;0,14285715;0,2568306
285;0,8988964;0,09142163;0,03257329;0,1590909;0,6815287;0,8181818;0,28752643;0,17460318;0,21311475
286;0,7671211;0,124077775;0,1009772;0,1590909;0,3503185;0,82887703;0;0,0952381;0,43715847
287;0,80320245;0,14777982;0,11563518;0,26136363;0,18789816;0,78074867;0,7131783;0,1904762;0,284153
288;0,7216272;0,21361883;0,1742671;0,26136363;0,54140127;0,7326203;0,5271318;0,2857143;0,36065573
289;0,8518338;0,09300175;0,03583062;0,1590909;0,700637;0,80748665;0,27906978;0,1904762;0,36612022
290;0,7608461;0,17358871;0,11889251;0,1590909;0,700637;0,8449198;0,27906978;0,1904762;0,3442623
291;0,8769339;0,06719287;0,037459284;0,17045455;0,18471342;0,8449198;0,27906978;0,0952381;0,2513661
292;0,8016337;0,099849015;0,03908795;0,17045455;0,5318471;0,8235294;0,2959831;0,17460318;0,52459013
293;0,742021;0,15568049;0,094462544;0,17045455;0,6656051;0,8181818;0,4496124;0,1904762;0,5409836
294;0,8675214;0,09616203;0,045602605;0,13636364;0,6560509;0,86096257;0,24806203;0,14285715;0,20765027
295;0,93654656;0,07825382;0,030944625;0,14772727;0,39808917;0,8342246;0,062015507;0,0952381;0,08196721
296;0,93968403;0,057185337;0,052117266;0,18181819;0,43630576;0,7433155;0,3255814;0,12698413;0,12021858
297;0,8847777;0,085101075;0,045602605;0,13636364;0,5764331;0,8181818;0,19767442;0,12698413;0,23497267
298;0,87379634;0,11828393;0,06514658;0,13636364;0,5573249;0,85026735;0,3604651;0,12698413;0,10928962
299;0,90674025;0,10090243;0,07654723;0,1590909;0,47133762;0,80213904;0,37209302;0,11111111;0,12021858
300;0,95694035;0,07667367;0,03257329;0,11363637;0,47133762;0,88235295;0;0,04761905;0,021857923
301;0,82673377;0,16726816;0,12052117;0,1590909;0,5573249;0,8235294;0,15503876;0,14285715;0,18579236
302;0,90203404;0,09194834;0,057003256;0,14772727;0,45222932;0,86096257;0,18604651;0,11111111;0
303;0,80947745;0,08299422;0,02931596;0,20454545;0,6401274;0,7860963;0,4837209;0,23809524;0,52459013
304;0,89732766;0,061399028;0,04071661;0,10227273;0,35350323;0,8663102;0;0,031746034;0,17486338
305;0,8894839;0,08878806;0,05374593;0,14772727;0,42356694;0,8342246;0,31007752;0,0952381;0,15846995
306;0,90046513;0,0645593;0,06188925;0,19318181;0,48726118;0,79679143;0,19638243;0,14285715;0,16393442
307;0,9349778;0,0866812;0,047231272;0,1590909;0,37898088;0,8181818;0;0,0952381;0,06010929
308;0,86281514;0,11459695;0,048859935;0,13636364;0,66878986;0,86096257;0,38372093;0,12698413;0,26229507
309;0,8957589;0,08036065;0,01465798;0,11363637;0,60509557;0,8716577;0,1461794;0,11111111;0,27868852
310;0,74829596;0,19044352;0,1563518;0,1590909;0,49044585;0,8128342;0,12790698;0,12698413;0,33333334
311;0,920859;0,07245998;0,03257329;0,13636364;0,46815288;0,8181818;0,124031015;0,0952381;0,19125684
312;0,91301525;0,085101075;0,037459284;0,13636364;0,50318474;0,8449198;0,37209302;0,11111111;0,09836066
313;0,9177215;0,08984148;0,04397394;0,1590909;0,54777074;0,79679143;0,20465116;0,15873016;0,08196721
314;0,8502651;0,14040585;0,07166124;0,11363637;0,7802548;0,87700534;0,10465116;0,12698413;0,10928962
315;0,48788276;0,47539473;0,47394136;0,13636364;0,5191083;0,8930481;0,119601324;0,11111111;0,17486338
316;0,9506654;0,07983395;0,055374596;0,17045455;0,589172;0,7593583;0,37209302;0,15873016;0,021857923
317;0,9318403;0,09036819;0,037459284;0,10227273;0,7356688;0,85026735;0,37209302;0,11111111;0,08743169
318;0,8549713;0,13935241;0,08794788;0,18181819;0,67197454;0,8235294;0,47942755;0,20634921;0,12021858
319;0,79065233;0,2125654;0,19381107;0,1590909;0,3949045;0,82887703;0,37209302;0,11111111;0,10928962
320;0,83771497;0,13145174;0,07654723;0,1590909;0,5127389;0,8395722;0,12790698;0,12698413;0,28961748
321;0,575733;0,31685436;0,2850163;0,22727273;0,48407644;0,79679143;0,2243502;0,26984128;0,4863388
322;0,9177215;0,08299422;0,01791531;0,06818182;0,72292995;0,9037433;0;0,06349207;0,15846995
323;0,89262146;0,11090996;0,048859935;0,13636364;0,7197453;0,8342246;0,26046512;0,15873016;0,13114753
324;0,92556536;0,073513396;0,052117266;0,19318181;0,28662425;0,79679143;0,23255815;0,12698413;0,06010929
325;0,30120093;0,66395766;0,66938114;0,20454545;0,62420386;0,82887703;0,551495;0,22222222;0,19125684
326;0,8110462;0,10300928;0,1009772;0,22727273;0,24840772;0,72727275;0,25369978;0,17460318;0,3715847
327;0,92242783;0,11143667;0,0504886;0,125;0,8503185;0,8663102;0,26046512;0,15873016;0,027322404
328;0,920859;0,069299705;0,03908795;0,18181819;0,46178347;0,7647059;0,29767442;0,15873016;0,1693989
329;0,8063399;0,09142163;0,030944625;0,10227273;0,888535;0,8716577;0,49612406;0,14285715;0,40983605
330;0,7294709;0,21309212;0,19055374;0,19318181;0,6178344;0,8342246;0,26578075;0,22222222;0,21311475
331;0,8455588;0,15041336;0,09934853;0,11363637;0,8025478;0,8930481;0,38372093;0,12698413;0,07650273
332;0,9114465;0,109329835;0,047231272;0,10227273;0,66878986;0,88770056;0,4496124;0,0952381;0,08743169
333;0,8988964;0,093528464;0,057003256;0,18181819;0,6751592;0,7914438;0,22182469;0,20634921;0,16393442
334;0,83614624;0,10090243;0,05374593;0,2159091;0,6178344;0,7593583;0,39689925;0,23809524;0,3715847
335;0,7624148;0,2310003;0,18566775;0,18181819;0,65286624;0,8235294;0,27906978;0,20634921;0,1693989
336;0,80790865;0,15989418;0,13029316;0,14772727;0,4267516;0,8181818;0,13289037;0,11111111;0,19672132
337;0,63691443;0,312114;0,2850163;0,20454545;0,53503186;0,8449198;0,21926911;0,22222222;0,2513661
338;0,8063399;0,19834419;0,1514658;0,20454545;0,6815287;0,77005345;0,51472867;0,23809524;0,14754099
339;0,883209;0,08457437;0,047231272;0,19318181;0,36624205;0,82887703;0,27906978;0,15873016;0,19672132
340;0,92399657;0,081414096;0,034201954;0,10227273;0,611465;0,87700534;0,16744186;0,07936508;0,12021858
341;0,90830904;0,07562026;0,048859935;0,17045455;0,41719747;0,78074867;0,19933555;0,11111111;0,13114753
342;0,37493232;0,47750157;0,4592834;0,17045455;0,6305733;0,86096257;0,43649372;0,20634921;0,22950819
343;0,8706589;0,08404764;0,060260586;0,26136363;0,34713382;0,7379679;0,28527132;0,23809524;0,22404371
344;0,8016337;0,13513872;0,1009772;0,18181819;0,41719747;0,85026735;0,4031008;0,14285715;0,34972677
345;0,89105266;0,11881064;0,07491857;0,125;0,54777074;0,87700534;0,13953489;0,06349207;0,08196721
346;0,66515195;0,2915722;0,27198696;0,20454545;0,52866244;0,80748665;0,3649374;0,20634921;0,2513661
347;0,93654656;0,079307236;0,06351792;0,17045455;0,3184713;0,7914438;0,15503876;0,0952381;0,07650273
348;0,79065233;0,1435661;0,13192183;0,18181819;0,42038214;0,7326203;0,31627908;0,15873016;0,36065573
349;0,6290706;0,22889347;0,18078177;0,13636364;0,7515924;0,86096257;0,19379844;0,1904762;0,6284153
350;0,8612464;0,10090243;0,070032574;0,23863636;0,15605098;0,7540107;0,27906978;0,17460318;0,27322406
351;0,93027157;0,051391494;0,060260586;0,19318181;0,3184713;0,7860963;1;0,12698413;0,038251366
352;0,8157524;0,17727569;0,12703584;0,17045455;0,7324841;0,8181818;0,2647585;0,20634921;0,1693989
353;0,84712756;0,12671134;0,06677524;0,14772727;0,81528664;0,85026735;0,8062016;0,1904762;0,22950819
354;0,78280866;0,13250516;0,06514658;0,125;0,64968157;0,85561496;0,05167959;0,14285715;0,48087433
355;0,9271341;0,09563532;0,02931596;0,11363637;0,68471336;0,9144385;0;0,0952381;0,09836066
356;0,91301525;0,077200405;0,055374596;0,20454545;0,3694268;0,7860963;0,21987315;0,17460318;0,10928962
357;0,9271341;0,07878053;0,05374593;0,13636364;0,6082803;0,79679143;0,37209302;0,11111111;0,09836066
358;0,8110462;0,1899168;0,14983714;0,14772727;0,56687903;0,80748665;0,011627907;0,12698413;0,1693989
359;0,36238238;0,52121866;0,48371336;0,17045455;0,4936306;0,80213904;0,37209302;0,17460318;0,568306
360;0,88007134;0,0819408;0,06188925;0,2159091;0;0,82887703;0,13953489;0,12698413;0,14754099
361;0,8816402;0,060345598;0,05374593;0,17045455;0,3566879;0,77540106;0,111627914;0,07936508;0,3169399
362;0,78123987;0,10722298;0,05374593;0,13636364;0,5573249;0,86096257;0,5980066;0,11111111;0,5136612
363;0,8722276;0,08720791;0,027687298;0,11363637;0,5859873;0,8716577;0;0,0952381;0,29508197
364;0,8722276;0,09510861;0,08306189;0,20454545;0,41719747;0,7379679;0,23678647;0,17460318;0,23497267
365;0,8941902;0,09879559;0,037459284;0,17045455;0,60509557;0,82887703;0,68992245;0,1904762;0,10928962
366;0,82359624;0,12618461;0,08306189;0,1590909;0,4394905;0,8663102;0,22093023;0,12698413;0,29508197
367;0,88634646;0,08299422;0,047231272;0,19318181;0,5191083;0,7860963;0,37209302;0,1904762;0,15300547
368;0,89105266;0,0908949;0,045602605;0,13636364;0,67834395;0,85026735;0,2377261;0,14285715;0,12021858
369;0,6792708;0,2610229;0,21661238;0,2159091;0,42038214;0,77540106;0,23920265;0,22222222;0,3387978
370;0,4769014;0,4485324;0,46416935;0,23863636;0,7547771;0,77005345;0,9008568;0,3015873;0,22404371
371;0,7890836;0,075093545;0,024429968;0,17045455;0,4458599;0,80748665;0,40930232;0,15873016;0,61748636
372;0,71064585;0,312114;0,2931596;0,13636364;0,56687903;0,9251337;0,31893688;0,11111111;0,010928961
373;0,5286704;0,44010502;0,42996743;0,2159091;0,5159236;0,7593583;0,29338104;0,20634921;0,24590164
374;0,6133831;0,36320505;0,3338762;0,2840909;0,57961786;0,72192514;0,6290144;0,33333334;0,2021858
375;0,8173211;0,18939005;0,15472312;0,17045455;0,5955414;0,79679143;0,54883724;0,15873016;0,114754096
376;0,96321535;0,07245998;0,027687298;0,14772727;0,5382166;0,8395722;0,18604651;0,11111111;0,027322404
377;0,80947745;0,11775722;0,06188925;0,13636364;0,6273886;0,8342246;0,38242894;0,14285715;0,36612022
378;0,9161527;0,0866812;0,06677524;0,14772727;0,4267516;0,80213904;0,124031015;0,0952381;0,12021858
379;0,6400519;0,33739614;0,33224756;0,2159091;0,455414;0,77540106;0,49373883;0,20634921;0,1693989
380;0,74358976;0,18254282;0,1563518;0,18181819;0,4649682;0,8342246;0,25369978;0,17460318;0,3387978
381;0,8769339;0,08984148;0,04397394;0,17045455;0,49044585;0,8395722;0,111627914;0,15873016;0,1693989
382;0,86909014;0,138299;0,08794788;0,13636364;0,50318474;0,8449198;0,24806203;0,0952381;0,16393442
383;0,9506654;0,068772994;0,027687298;0,14772727;0,67197454;0,80213904;0,10335918;0,14285715;0,07650273
384;0,69809586;0,2647099;0,22801302;0,125;0,6751592;0,85026735;0,30232558;0,12698413;0,21857923
385;0,8753651;0,099849015;0,045602605;0,11363637;0,47770703;0,8663102;0;0,07936508;0,2568306
386;0,93340904;0,065086015;0,026058633;0,13636364;0,40764332;0,85026735;0;0,06349207;0,15846995
387;0,8110462;0,057712045;0,0504886;0,19318181;0,13694268;0,79679143;0,015503877;0,0952381;0,37704918
388;0,8941902;0,08878806;0,0504886;0,18181819;0,50318474;0,80748665;0,13023256;0,15873016;0,21857923
389;0,82987124;0,14198598;0,13843648;0,14772727;0,20382166;0,88235295;0;0,031746034;0,15300547
390;0,86909014;0,09510861;0,04071661;0,13636364;0,59872615;0,82887703;0,34108528;0,14285715;0,30054644
391;0,8596777;0,07404013;0,045602605;0,1590909;0,38535035;0,7914438;0,26578075;0,11111111;0,37704918
392;0,82045877;0,07140656;0,02931596;0,20454545;0,28980893;0,8128342;0,36363637;0,17460318;0,5300546
393;0,83614624;0,10300928;0,052117266;0,17045455;0,3184713;0,8181818;0,27906978;0,15873016;0,27322406
394;0,9036028;0,12934488;0,07491857;0,18181819;0,80891716;0,80213904;0,4717608;0,22222222;0,043715846
395;0,8157524;0,13724558;0,0781759;0,1590909;0,69108284;0,8342246;0,37209302;0,17460318;0,32786885
396;0,85654;0,07193327;0,057003256;0,18181819;0,48726118;0,7433155;0,13953489;0,15873016;0,33333334
397;0,8894839;0,09405517;0,04071661;0,20454545;0,62420386;0,78074867;0,5980066;0,22222222;0,20765027
398;0,90203404;0,07614696;0,026058633;0,17045455;0,36305737;0,8235294;0,11627907;0,12698413;0,21311475
399;0,47847015;0,31896126;0,29967427;0,19318181;0,6082803;0,8395722;0,32200357;0,20634921;0,78142077
400;0,9344369;0,09738345;0,04254184;0,17045455;0,8116865;0,79679143;0,21466905;0,20634921;0,043715846
401;0,94672996;0,11022433;0,035451535;0,045454547;0,91692054;0,93582886;0,31007752;0,04761905;0,010928961
402;0,9262415;0,10930713;0,046796024;0,14772727;0,9556909;0,85026735;0,1431127;0,20634921;0,043715846
403;0,9139484;0,0868356;0,014180613;0,10227273;0,7618388;0,86096257;0,13289037;0,11111111;0,22404371
404;0,93716866;0,107931316;0,039705716;0,07954545;0,97230685;0,93048126;0,13289037;0,11111111;0,027322404
405;0,93716866;0,09692486;0,022688981;0,06818182;0,9556909;0,9037433;0,31007752;0,0952381;0,08196721
406;0,96858436;0,058402214;0,018434798;0,09090909;0,7673775;0,79679143;0,18604651;0,07936508;0,10382514
407;0,92487556;0,09142163;0,022688981;0,11363637;0,9335364;0,8716577;0,18604651;0,15873016;0,1420765
408;0,905753;0,11068294;0,043959904;0,10227273;0,90584326;0,8930481;0,10335918;0,14285715;0,114754096
409;0,9439981;0,09967646;0,029779289;0,11363637;0,9667682;0,88235295;0,18604651;0,15873016;0,032786883
410;0,9262415;0,09830067;0,04112378;0,13636364;0,92799777;0,8663102;0,07751938;0,1904762;0,04918033
411;0,9439981;0,10426249;0,04254184;0,09090909;0,90584326;0,8983957;0,13289037;0,11111111;0
412;0,9207779;0,10930713;0,04254184;0,125;0,9335364;0,86096257;0,0845666;0,17460318;0,07650273
413;0,9344369;0,102428086;0,036869597;0,10227273;0,96122956;0,88235295;0,10335918;0,14285715;0,04918033
414;0,9508276;0,069408685;0,035451535;0,13636364;0,6676821;0,8128342;0,11627907;0,12698413;0,08743169
415;0,93853456;0,102428086;0,024107043;0,03409091;0,9667682;0,9465241;0;0,04761905;0,08743169
416;0,94536406;0,10655551;0,034033474;0,03409091;0,98338413;0,95187163;0,31007752;0,04761905;0,016393442
417;0,9125825;0,10151089;0,028361226;0,09090909;0,85045695;0,88770056;0,13289037;0,11111111;0,15300547
418;0,9016554;0,107931316;0,04112378;0,14772727;0,91692054;0,8181818;0,21466905;0,20634921;0,15846995
419;0,95355946;0,09830067;0,026943164;0,056818184;0,9889227;0,95187163;0,18604651;0,07936508;0,010928961
420;0,9549254;0,1074727;0,025525102;0,011363637;0,9224591;0,973262;0;0;0,010928961
421;0,95355946;0,07766354;0,012762551;0,07954545;0,7230684;0,8663102;0,31007752;0,04761905;0,12568305
422;0,9576571;0,067574285;0,012762551;0,09090909;0,684298;0,8342246;0;0,06349207;0,13114753
423;0,90985066;0,107931316;0,05246827;0,20454545;0,9335364;0,77005345;0,20671836;0,2857143;0,06557377
424;0,9412664;0,09830067;0,015598675;0,03409091;0,97230685;0,95721924;0;0,04761905;0,10382514
425;0,9426322;0,10701412;0,032615412;0,06818182;0,9003046;0,9251337;0,18604651;0,07936508;0,043715846
426;0,9426322;0,11756199;0,04254184;0,03409091;1;0,98930484;0;0,04761905;0
427;0,9494617;0,09554905;0,036869597;0,11363637;0,8338411;0,87700534;0,11627907;0,12698413;0,021857923
428;0,9412664;0,09554905;0,022688981;0,125;0,93907505;0,82887703;0,25369978;0,17460318;0,07103825
429;0,96858436;0,08362536;0,018434798;0,03409091;0,7230684;0,9197861;0;0;0,043715846
430;0,8743374;0,1056383;0,039705716;0,09090909;0,85045695;0,9144385;0,13289037;0,11111111;0,27868852
431;0,92487556;0,11389316;0,038287655;0,07954545;0,87261146;0,88235295;0,31007752;0,0952381;0,07650273
432;0,9358027;0,10930713;0,04112378;0,07954545;0,97230685;0,9197861;0,13289037;0,11111111;0,027322404
433;0,919412;0,107931316;0,038287655;0,10227273;0,9335364;0,8716577;0,10335918;0,14285715;0,08743169
434;0,93170506;0,102428086;0,04254184;0,13636364;0,96122956;0,8395722;0,15503876;0,1904762;0,038251366
435;0,9207779;0,12581682;0,058140516;0,045454547;0,9446137;0,96791446;0;0,06349207;0
436;0,95355946;0,1047211;0,029779289;0,03409091;0,90584326;0,93582886;0;0,031746034;0
437;0,9289733;0,10105228;0,025525102;0,03409091;0,8781501;0,96791446;0;0,031746034;0,13114753
438;0,93307096;0,10288668;0,03119735;0,07954545;0,86153424;0,90909094;0;0,0952381;0,06557377
439;0,91804606;0,08179096;0,009926429;0,056818184;0,71199113;0,8983957;0;0,031746034;0,2513661
440;0,91668016;0,102428086;0,034033474;0,06818182;0,87261146;0,9144385;0,18604651;0,07936508;0,12568305
441;0,9344369;0,10930713;0,04112378;0,09090909;0,96122956;0,8983957;0,11627907;0,12698413;0,032786883
442;0,9562912;0,102428086;0,022688981;0,056818184;0,9778455;0,9144385;0,18604651;0,07936508;0,010928961
443;0,8948259;0,10517969;0,039705716;0,13636364;0,9003046;0,86096257;0,15503876;0,1904762;0,19125684
444;0,9139484;0,10105228;0,025525102;0,10227273;0,93907505;0,8716577;0,10335918;0,14285715;0,17486338
445;0,9289733;0,107931316;0,04254184;0,11363637;0,9556909;0,8930481;0,18604651;0,15873016;0,038251366
446;0,93033916;0,07628773;0,018434798;0,03409091;0,7784547;0,8983957;0;0,015873017;0,20765027
447;0,9439981;0,09967646;0,017016737;0;0,97230685;0,9786096;0;0;0,09289618
448;0,9508276;0,07537053;0,017016737;0,022727273;0,8116865;0,93582886;0;0;0,13114753
449;0,9631207;0,09830067;0,02127092;0,03409091;1;0,95721924;0,31007752;0,04761905;0
450;0,9084849;0,09967646;0,036869597;0,10227273;0,8116865;0,8930481;0,11627907;0,12698413;0,1420765
451;0,91121656;0,09279742;0,024107043;0,09090909;0,75076157;0,88235295;0,15503876;0,0952381;0,2021858
452;0,9426322;0,10196947;0,032615412;0,09090909;0,8892274;0,8930481;0,13289037;0,11111111;0,021857923
453;0,93990046;0,1056383;0,039705716;0,11363637;0,8283024;0,8663102;0,11627907;0,12698413;0,027322404
454;0,93033916;0,06436405;0,015598675;0,09090909;0,7064525;0,8395722;0,18604651;0,07936508;0,23497267
455;0,89619166;0,09417323;0,014180613;0,03409091;0,9003046;0,9411765;0;0,04761905;0,27868852
456;0,93716866;0,08270816;0,026943164;0,09090909;0,7784547;0,8449198;0,18604651;0,07936508;0,13661203
457;0,9262415;0,058402214;0;0,03409091;0,7009139;0,8716577;0;0;0,32786885
458;0,88253266;0,11481036;0,043959904;0,09090909;0,83937967;0,9144385;0,11627907;0,12698413;0,21311475
459;0,9207779;0,11756199;0,05672245;0,10227273;0,97230685;0,9251337;0,20671836;0,14285715;0,027322404
460;0,93990046;0,12673402;0,046796024;0,011363637;0,92799777;0,96256685;0;0;0
461;0,92487556;0,09142163;0,025525102;0,11363637;0,9446137;0,87700534;0,27906978;0,15873016;0,114754096
462;0,91668016;0,09830067;0,038287655;0,1590909;0,7673775;0,8449198;0,15503876;0,1904762;0,12021858
463;0,94536406;0,09417323;0,008508368;0,045454547;0,9446137;0,9197861;0;0,06349207;0,114754096
464;0,91804606;0,089587204;0,024107043;0,07954545;0,72860706;0,9037433;0,23255815;0,06349207;0,1693989
465;0,93307096;0,048312955;0,008508368;0,045454547;0,6566048;0,8181818;0;0;0,30601093
466;0,9494617;0,10105228;0,014180613;0;0,9778455;0,96791446;0;0;0,07650273
467;1;0,048312955;0,012762551;0,03409091;0,8283024;0,8235294;0;0,015873017;0,038251366
468;0,9549254;0,076746315;0,018434798;0,03409091;0,8338411;0,88235295;0;0,015873017;0,10382514
469;0,92487556;0,089587204;0,019852858;0,06818182;0,79507065;0,9144385;0,18604651;0,07936508;0,12021858
470;0,9262415;0,09096301;0,015598675;0,056818184;0,79507065;0,9197861;0,31007752;0,04761905;0,1693989
471;0,9358027;0,11022433;0,04254184;0,07954545;0,90584326;0,93048126;0,31007752;0,0952381;0,021857923
472;0,97677964;0,07582912;0,025525102;0,03409091;0,8449183;0,9251337;0;0;0,010928961
473;0,9631207;0,0698673;0,036869597;0,07954545;0,8892274;0,80213904;0,15503876;0,0952381;0,04918033
474;0,9262415;0,12306522;0,05246827;0,07954545;0,9778455;0,93048126;0,13289037;0,11111111;0,021857923
475;0,89346;0,11618617;0,04254184;0,10227273;0,95015234;0,88235295;0,20671836;0,14285715;0,18579236
476;0,90302116;0,10655551;0,025525102;0,03409091;0,8892274;0,95187163;0,31007752;0,04761905;0,2021858
477;0,9125825;0,09646624;0,032615412;0,07954545;0,789532;0,88770056;0,18604651;0,07936508;0,19125684
478;0,9480959;0,07399471;0,012762551;0,09090909;0,52367765;0,87700534;0;0,031746034;0,13661203
479;0,9549254;0,058402214;0,024107043;0,1590909;0,7175298;0,7486631;0,093023255;0,15873016;0,13114753
480;0,93307096;0,09738345;0,038287655;0,10227273;0,8283024;0,9144385;0,13289037;0,11111111;0,021857923
481;0,9480959;0,098759264;0,028361226;0,10227273;0,88368875;0,8716577;0,3255814;0,12698413;0,032786883
482;0,95219356;0,0726189;0,014180613;0,10227273;0,79507065;0,82887703;0,13289037;0,11111111;0,12021858
483;0,9344369;0,1038039;0,028361226;0,022727273;0,83937967;0,96256685;0;0;0,09836066
484;0,9576571;0,07720493;0,035451535;0,13636364;0,7618388;0,80213904;0,10335918;0,14285715;0,032786883
485;0,9713161;0,08224957;0,028361226;0,056818184;0,6455276;0,8663102;0;0,015873017;0,005464481
486;0,9412664;0,107931316;0,02127092;0;0,9667682;0,98930484;0;0;0,08743169
487;0,9439981;0,095090434;0,035451535;0,13636364;0,8116865;0,8128342;0,18604651;0,15873016;0,043715846
488;0,96721846;0,08224957;0,025525102;0,10227273;0,8338411;0,8395722;0,13289037;0,11111111;0,021857923
489;0,93990046;0,09371464;0,028361226;0,11363637;0,88368875;0,87700534;0,20671836;0,14285715;0,021857923
490;0,93170506;0,07949794;0,019852858;0,056818184;0,80614793;0,88235295;0,31007752;0,04761905;0,18579236
491;0,93716866;0,118937775;0,04254184;0,045454547;0,98338413;0,9411765;0,23255815;0,06349207;0,016393442
492;0,9508276;0,08316677;0,028361226;0,1590909;0,80614793;0,8181818;0,15503876;0,1904762;0,032786883
493;0,93716866;0,113434546;0,028361226;0;0,9667682;0,98930484;0;0;0,07650273
494;0,9549254;0,09784206;0,032615412;0,056818184;0,7729161;0,9251337;0;0,031746034;0,021857923
495;0,9153144;0,10655551;0,029779289;0,045454547;0,7729161;0,93048126;0;0,031746034;0,15300547
496;0,919412;0,10196947;0,026943164;0,03409091;0,88368875;0,9411765;0;0,031746034;0,1693989
497;0,919412;0,107931316;0,03119735;0,06818182;0,9446137;0,9037433;0,31007752;0,0952381;0,12021858
498;0,9289733;0,09279742;0,024107043;0,06818182;0,93907505;0,93582886;0,31007752;0,0952381;0,114754096
499;0,9276074;0,09417323;0,025525102;0,11363637;0,9224591;0,86096257;0,093023255;0,15873016;0,10928962
500;0,9344369;0,09830067;0,039705716;0,13636364;0,96122956;0,85026735;0,15503876;0,1904762;0,038251366
501;0,905753;0,09967646;0,03119735;0,07954545;0,80614793;0,8983957;0,31007752;0,0952381;0,17486338
502;0,90985066;0,09692486;0,018434798;0,045454547;0,92799777;0,9465241;0;0,06349207;0,22404371
503;0,91804606;0,09554905;0,024107043;0,10227273;0,7729161;0,87700534;0,10335918;0,14285715;0,1420765
504;0,92350966;0,09554905;0,022688981;0,10227273;0,9003046;0,8663102;0,10335918;0,14285715;0,1420765
505;0,9262415;0,08087376;0,011344491;0,06818182;0,7064525;0,8983957;0,31007752;0,04761905;0,21311475
506;0,9508276;0,112975955;0,038287655;0,011363637;0,9224591;0,98930484;0;0;0,005464481
507;0,9494617;0,107931316;0,032615412;0,022727273;0,98338413;0,9946524;0;0,031746034;0,005464481
508;0,95355946;0,10976572;0,029779289;0,022727273;0,90584326;1;0;0;0,016393442
509;0,9781456;0,06849148;0,005672245;0,03409091;0,81722516;0,8930481;0;0,015873017;0,06557377
510;0,9358027;0,11618617;0,04254184;0,056818184;0,98338413;0,93582886;0,52093023;0,07936508;0,016393442
511;0,94536406;0,084083974;0,02127092;0,045454547;0,85599554;0,90909094;0,31007752;0,04761905;0,114754096
512;0,90985066;0,09142163;0,024107043;0,045454547;0,8227638;0,8930481;0,31007752;0,04761905;0,22404371
513;0,9344369;0,10105228;0,035451535;0,07954545;0,9556909;0,93048126;0,13289037;0,11111111;0,05464481
514;0,9139484;0,10334529;0,036869597;0,022727273;0,8227638;0,9946524;0;0;0,17486338
515;0,905753;0,11481036;0,04112378;0,03409091;0,9556909;0,95187163;0,31007752;0,04761905;0,1420765
516;0,91121656;0,1038039;0,03119735;0,10227273;0,9224591;0,8716577;0,20671836;0,14285715;0,13114753
517;0,9207779;0,11068294;0,039705716;0,06818182;0,9667682;0,9251337;0,15503876;0,0952381;0,06557377
518;0,9426322;0,10288668;0,029779289;0,07954545;0,80614793;0,88235295;0,15503876;0,0952381;0,010928961
519;0,91804606;0,08270816;0,008508368;0,045454547;0,83937967;0,8930481;0,31007752;0,04761905;0,26229507
520;0,93307096;0,0877528;0,004254184;0,045454547;0,85045695;0,9197861;0,31007752;0,04761905;0,19125684
521;0,8879964;0,1038039;0,045377962;0,1590909;0,9003046;0,8449198;0,13289037;0,22222222;0,18579236
522;0,9494617;0,06482266;0,03119735;0,10227273;0,8283024;0,77540106;0,13289037;0,11111111;0,12021858
523;0,94536406;0,095090434;0,032615412;0,10227273;0,9003046;0,9251337;0,11627907;0,12698413;0,027322404
524;0,92487556;0,10976572;0,045377962;0,125;0,8670728;0,8663102;0,093023255;0,15873016;0,05464481
525;0,9344369;0,10930713;0,036869597;0,10227273;0,9556909;0,86096257;0,10335918;0,14285715;0,043715846
526;0,97541386;0,04923016;0,004254184;0,045454547;0,8116865;0,8235294;0,4651163;0,031746034;0,12568305
527;0,91121656;0,1056383;0,03119735;0,06818182;0,8781501;0,9037433;0,18604651;0,07936508;0,16393442
528;0,9153144;0,11481036;0,058140516;0,11363637;0,9113819;0,9037433;0,18604651;0,15873016;0,032786883
529;0,94672996;0,08867;0,014180613;0,06818182;0,8892274;0,88770056;0,18604651;0,07936508;0,09836066
530;0,9084849;0,11756199;0,04112378;0,056818184;0,9335364;0,9465241;0;0,07936508;0,114754096
531;0,9631207;0,07812213;0,026943164;0,13636364;0,67875934;0,8342246;0,23255815;0,12698413;0,032786883
532;0,96175486;0,08912861;0,019852858;0,06818182;0,7784547;0,8983957;0;0,04761905;0,05464481
533;0,9549254;0,106096916;0,032615412;0,045454547;0,8449183;0,9411765;0;0,031746034;0,010928961
534;0,9002894;0,1038039;0,058140516;0,19318181;0,9335364;0,8235294;0,26265392;0,26984128;0,09289618
535;0,94672996;0,08729419;0,019852858;0,06818182;0,6510662;0,8930481;0;0,031746034;0,10928962
536;0,9344369;0,0877528;0,018434798;0,09090909;0,85599554;0,87700534;0,13289037;0,11111111;0,12568305
537;0,9262415;0,07949794;0,024107043;0,125;0,7064525;0,82887703;0,11627907;0,12698413;0,18032786
538;0,9125825;0,10426249;0,04254184;0,09090909;0,7729161;0,9144385;0;0,11111111;0,10382514
539;0,9412664;0,08545978;0,032615412;0,11363637;0,80060923;0,8342246;0,11627907;0,12698413;0,08196721
540;0,93307096;0,09967646;0,036869597;0,11363637;0,80060923;0,86096257;0,11627907;0,12698413;0,07103825
541;0,93853456;0,09967646;0,029779289;0,056818184;0,8283024;0,9411765;0;0,06349207;0,07103825
542;0,98087746;0,0726189;0,02127092;0,045454547;0,7009139;0,90909094;0;0;0,021857923
543;0,97404796;0,069408685;0,028361226;0,056818184;0,8781501;0,8663102;0,31007752;0,04761905;0,010928961
544;0,9344369;0,10517969;0,036869597;0,07954545;0,9556909;0,9197861;0,13289037;0,11111111;0,032786883
545;0,9221439;0,08500117;0,009926429;0,06818182;0,80060923;0,8983957;0,23255815;0,06349207;0,2021858
546;0,93853456;0,095090434;0,039705716;0,13636364;0,88368875;0,85561496;0,1691332;0,17460318;0,032786883
547;0,96858436;0,062988244;0,008508368;0,045454547;0,6898366;0,88770056;0;0;0,10382514
548;0,93033916;0,10196947;0,026943164;0,06818182;0,7064525;0,9197861;0,31007752;0,04761905;0,12021858
549;0,92350966;0,09600765;0,02127092;0,03409091;0,85599554;0,93582886;0;0,031746034;0,14754099
550;0,92350966;0,113434546;0,045377962;0,09090909;0,96122956;0,93048126;0,11627907;0,12698413;0,06010929
551;0,9153144;0,107931316;0,036869597;0,07954545;0,93907505;0,9197861;0,13289037;0,11111111;0,12568305
552;0,9344369;0,09554905;0,014180613;0,022727273;0,95015234;0,95187163;0;0,031746034;0,13114753
553;0,9016554;0,10288668;0,025525102;0,03409091;0,85599554;0,96791446;0;0,031746034;0,22404371
554;0,93307096;0,06895007;0,022688981;0,07954545;0,7673775;0,8128342;0;0,07936508;0,2021858
555;0,9494617;0,10655551;0,026943164;0,056818184;0,97230685;0,90909094;0,18604651;0,07936508;0,027322404
556;0,9412664;0,09463184;0,026943164;0,03409091;0,7064525;0,9465241;0;0;0,10382514
557;0,93853456;0,09371464;0,038287655;0,1590909;0,73968434;0,8128342;0,1691332;0,17460318;0,043715846
558;0,9207779;0,080415145;0,025525102;0,1590909;0,7618388;0,7860963;0,17758985;0,17460318;0,13114753
559;0,96585256;0,09967646;0,02127092;0,022727273;0,9224591;0,973262;0;0,015873017;0,005464481
560;0,93716866;0,08729419;0,029779289;0,13636364;0,75076157;0,8181818;0,18604651;0,15873016;0,04918033
561;0,91668016;0,09784206;0,04254184;0,14772727;0,789532;0,80213904;0,0845666;0,17460318;0,114754096
562;0,9207779;0,106096916;0,029779289;0,06818182;0,8670728;0,9197861;0,18604651;0,07936508;0,13661203
563;0,9221439;0,11205874;0,04112378;0,07954545;0,93907505;0,88770056;0,13289037;0,11111111;0,07650273
564;0,9426322;0,10517969;0,02127092;0;0,88368875;0,98930484;0;0;0,06557377
565;0,9344369;0,10930713;0,043959904;0,10227273;0,9778455;0,88770056;0,10335918;0,14285715;0,021857923
566;0,90438706;0,11068294;0,028361226;0,056818184;0,7729161;0,9144385;0,18604651;0,07936508;0,15300547
567;0,91804606;0,102428086;0,03119735;0,09090909;0,93907505;0,8930481;0,3255814;0,12698413;0,114754096
568;0,9207779;0,10105228;0,022688981;0,045454547;0,8781501;0,95187163;0;0,06349207;0,08743169
569;0,9276074;0,10884852;0,034033474;0,11363637;0,87261146;0,85561496;0,10335918;0,14285715;0,08743169
570;0,93853456;0,11481036;0,035451535;0,022727273;0,98338413;0,9786096;0;0,031746034;0,043715846
571;0,9344369;0,09967646;0,028361226;0,045454547;0,9003046;0,9251337;0,31007752;0,04761905;0,04918033
572;0,9221439;0,1038039;0,048214085;0,1590909;0,93907505;0,8235294;0,13289037;0,22222222;0,038251366
573;0,9153144;0,09325603;0,024107043;0,056818184;0,80060923;0,9251337;0,31007752;0,04761905;0,2021858
574;0,9016554;0,10930713;0,036869597;0,10227273;0,91692054;0,8663102;0,10335918;0,14285715;0,15846995
575;0,9412664;0,106096916;0,04254184;0,09090909;0,90584326;0,88770056;0,13289037;0,11111111;0,021857923
576;0,93853456;0,107931316;0,04254184;0,13636364;0,9003046;0,8395722;0,1691332;0,17460318;0,027322404
577;0,91804606;0,1056383;0,04254184;0,10227273;0,894766;0,87700534;0,11627907;0,12698413;0,06010929
578;0,9289733;0,080415145;0,015598675;0,06818182;0,5624481;0,9251337;0;0;0,21857923
579;0,90985066;0,100593664;0,034033474;0,10227273;0,71199113;0,8930481;0,31007752;0,0952381;0,1693989
580;0,9262415;0,10105228;0,028361226;0,06818182;0,95015234;0,90909094;0,15503876;0,0952381;0,114754096
581;0,9221439;0,11756199;0,038287655;0,022727273;0,96122956;0,95721924;0;0,031746034;0,08743169
582;0,89619166;0,11068294;0,036869597;0,09090909;0,9446137;0,87700534;0,23255815;0,12698413;0,17486338
583;0,92487556;0,10517969;0,04254184;0,14772727;0,93907505;0,8449198;0,1431127;0,20634921;0,05464481
584;0,9139484;0,10655551;0,035451535;0,06818182;0,9224591;0,9144385;0,15503876;0,0952381;0,13114753
585;0,92350966;0,08224957;0,018434798;0,06818182;0,8227638;0,88770056;0,23255815;0,06349207;0,19125684
586;0,93990046;0,10930713;0,022688981;0;0,91692054;0,9786096;0;0;0,07650273
587;0,9412664;0,09738345;0,025525102;0,03409091;0,7452229;0,98395723;0;0;0,09836066
588;0,92350966;0,07720493;0,029779289;0,125;0,73968434;0,82887703;0,11627907;0,12698413;0,16393442
589;0,8866305;0,102428086;0,028361226;0,06818182;0,92799777;0,93582886;0,31007752;0,0952381;0,26229507
590;0,9562912;0,09463184;0,025525102;0,07954545;0,9003046;0,88770056;0,15503876;0,0952381;0,021857923
591;0,9631207;0,079956554;0,025525102;0,10227273;0,80060923;0,87700534;0,15503876;0,0952381;0,027322404
592;0,92350966;0,08912861;0,035451535;0,14772727;0,79507065;0,82887703;0,1691332;0,17460318;0,114754096
593;0,9562912;0,07582912;0,018434798;0,03409091;0,80060923;0,8930481;0;0;0,12568305
594;0,9549254;0,06849148;0,032615412;0,1590909;0,67322075;0,78074867;0,093023255;0,15873016;0,08196721
595;0,91121656;0,09967646;0,034033474;0,045454547;0,8116865;0,96256685;0;0,031746034;0,18579236
596;0,91121656;0,1038039;0,03119735;0,07954545;0,9446137;0,8983957;0,13289037;0,11111111;0,15846995
597;0,9221439;0,11618617;0,048214085;0,10227273;0,95015234;0,9037433;0,20671836;0,14285715;0,06010929
598;0,9084849;0,106096916;0,032615412;0,10227273;0,83937967;0,88770056;0,11627907;0,12698413;0,16393442
599;0,91668016;0,11481036;0,046796024;0,10227273;0,9446137;0,9037433;0,10335918;0,14285715;0,07103825
mario_1;0,8510495;0,11644045;0,052931596;0,27272728;0,79085463;0,7058824;0,3765227;0,33333334;0,60655737
mario_10;0,93290704;0,04602606;0,036188927;0,26136363;0,30748516;0,7112299;0,124031015;0,14285715;0,2021858
mario_2;0,5985296;0,34798372;0,33107245;0,35227272;0,68355715;0,6737968;0,40930232;0,3968254;0,39344263
mario_3;0,9286819;0,05028189;0,036188927;0,25;0,35023302;0,72727275;0,124031015;0,14285715;0,2021858
mario_4;0,84929353;0,11815559;0,077655055;0,5;0,6977772;0,47593582;0,34651163;0,63492066;0,46994534
mario_5;0,82516503;0,11302483;0,07097505;0,39772728;0,6750293;0,5828877;0,4073777;0,46031746;0,6612022
mario_6;0,9315034;0,06999963;0,034223817;0,18181819;0,41039765;0,8128342;0,3488372;0,12698413;0,010928961
mario_7;0,91081053;0,09285939;0,03556651;0,1590909;0,71467274;0,80213904;0;0,12698413;0,37704918
mario_8;0,52098596;0,08829234;0,037825078;0,38636363;0,7945346;0,684492;0,2377261;0,42857143;1
mario_9;0,90758806;0,09142163;0,040708385;0,4659091;0,7478095;0,5026738;0,43243244;0,5873016;0,2021858
mario-6-1;0,8372205;0,08795219;0,039335787;0,13636364;0,5057603;0,79679143;0;0,031746034;0,79234976
mario-6-2;0,77210456;0,11839174;0,08186501;0,70454544;0,64878863;0,14438502;0,12613323;0,93650794;0,90163934
mario-6-3;0,96824497;0,056278743;0,025920443;0,20454545;0,27373004;0,80748665;0;0,015873017;0,010928961
mario-7-1;0,8368682;0,1340404;0,0654242;0,2159091;0,7488626;0,7647059;0,098495215;0,26984128;0,4918033
mario-8-1;0,9092721;0,07459225;0,042336546;1;0,40243822;0;0,39276487;1;0,6666667
